fila_csv,motivo,ficha,establecimiento
2,FICHA_NO_EXISTE,21,2
552,FICHA_NO_EXISTE,188649,2
672,FICHA_NO_EXISTE,60552,2
919,FICHA_NO_EXISTE,123030,3
1199,FICHA_NO_EXISTE,8122,2
1557,FICHA_NO_EXISTE,180470,2
1718,FICHA_NO_EXISTE,178311,2
2166,FICHA_NO_EXISTE,112814,1
2966,FICHA_NO_EXISTE,187208,2
4827,FICHA_NO_EXISTE,101703,2
5027,FICHA_NO_EXISTE,187422,2
5385,FICHA_NO_EXISTE,121340,3
5924,FICHA_NO_EXISTE,24733,2
6011,FICHA_NO_EXISTE,29488,2
6837,FICHA_NO_EXISTE,56932,3
7538,FICHA_NO_EXISTE,40374,1
8348,FICHA_NO_EXISTE,114521,2
8773,FICHA_NO_EXISTE,189736,2
8919,FICHA_NO_EXISTE,123030,3
9024,FICHA_NO_EXISTE,59283,3
9027,FICHA_NO_EXISTE,94220,3
9233,FICHA_NO_EXISTE,180616,2
9501,FICHA_NO_EXISTE,111213,3
9777,FICHA_NO_EXISTE,123030,3
10244,FICHA_NO_EXISTE,57321,2
10961,FICHA_NO_EXISTE,461970,3
11772,FICHA_NO_EXISTE,47532,3
11824,FICHA_NO_EXISTE,108113,1
12169,FICHA_NO_EXISTE,160618,2
12943,FICHA_NO_EXISTE,99129,3
13624,FICHA_NO_EXISTE,126115,3
14589,FICHA_NO_EXISTE,79930,3
14640,FICHA_NO_EXISTE,57321,2
14934,FICHA_NO_EXISTE,187422,2
16338,FICHA_NO_EXISTE,111213,3
16915,FICHA_NO_EXISTE,185827,2
17289,FICHA_NO_EXISTE,163620,2
17627,FICHA_NO_EXISTE,185209,2
18342,FICHA_NO_EXISTE,36274,2
19490,FICHA_NO_EXISTE,57321,2
19638,FICHA_NO_EXISTE,29488,2
20374,FICHA_NO_EXISTE,45375,2
21006,FICHA_NO_EXISTE,57321,2
22107,FICHA_NO_EXISTE,186386,2
22550,FICHA_NO_EXISTE,21682,2
22841,FICHA_NO_EXISTE,186486,2
23779,FICHA_NO_EXISTE,167142,2
23808,FICHA_NO_EXISTE,164778,2
23941,FICHA_NO_EXISTE,45375,2
24114,FICHA_NO_EXISTE,185209,2
24804,FICHA_NO_EXISTE,44569,2
25315,FICHA_NO_EXISTE,45375,2
25429,FICHA_NO_EXISTE,44569,2
25596,FICHA_NO_EXISTE,186779,2
27067,FICHA_NO_EXISTE,163620,2
27125,FICHA_NO_EXISTE,84799,2
27643,FICHA_NO_EXISTE,53108,2
28364,FICHA_NO_EXISTE,57321,2
28829,FICHA_NO_EXISTE,148609,2
30532,FICHA_NO_EXISTE,187208,2
30768,FICHA_NO_EXISTE,45375,2
31077,FICHA_NO_EXISTE,182674,2
31764,FICHA_NO_EXISTE,187282,2
32360,FICHA_NO_EXISTE,25577,2
32616,FICHA_NO_EXISTE,29488,2
32688,FICHA_NO_EXISTE,24733,2
33034,FICHA_NO_EXISTE,187422,2
33566,FICHA_NO_EXISTE,11914,2
33731,FICHA_NO_EXISTE,182674,2
33769,FICHA_NO_EXISTE,21682,2
34380,FICHA_NO_EXISTE,24733,2
34732,FICHA_NO_EXISTE,144224,2
35822,FICHA_NO_EXISTE,186486,2
36803,FICHA_NO_EXISTE,123030,3
37589,FICHA_NO_EXISTE,45375,2
37817,FICHA_NO_EXISTE,182674,2
37853,FICHA_NO_EXISTE,11914,2
38157,FICHA_NO_EXISTE,186486,2
39131,FICHA_NO_EXISTE,160618,2
39144,FICHA_NO_EXISTE,121096,3
39335,FICHA_NO_EXISTE,873921,3
39500,FICHA_NO_EXISTE,457282,3
40097,FICHA_NO_EXISTE,108113,1
40381,FICHA_NO_EXISTE,20131,1
40407,FICHA_NO_EXISTE,73078,1
40534,FICHA_NO_EXISTE,20131,1
40872,FICHA_NO_EXISTE,163620,2
41605,FICHA_NO_EXISTE,182674,2
41771,FICHA_NO_EXISTE,123030,3
42061,FICHA_NO_EXISTE,187208,2
42234,FICHA_NO_EXISTE,71702,3
42325,FICHA_NO_EXISTE,3468,3
43012,FICHA_NO_EXISTE,188425,2
43443,FICHA_NO_EXISTE,187208,2
43486,FICHA_NO_EXISTE,910848,2
43569,FICHA_NO_EXISTE,71702,3
44168,FICHA_NO_EXISTE,182674,2
45133,FICHA_NO_EXISTE,182674,2
45357,FICHA_NO_EXISTE,24733,2
45825,FICHA_NO_EXISTE,119303,3
46681,FICHA_NO_EXISTE,160618,2
47013,FICHA_NO_EXISTE,178311,2
47508,FICHA_NO_EXISTE,44569,2
47980,FICHA_NO_EXISTE,10694,1
48768,FICHA_NO_EXISTE,20131,1
49559,FICHA_NO_EXISTE,75687,1
49697,FICHA_NO_EXISTE,109795,3
49739,FICHA_NO_EXISTE,188073,2
49997,FICHA_NO_EXISTE,577,3
51157,FICHA_NO_EXISTE,8122,2
52425,FICHA_NO_EXISTE,44569,2
52787,FICHA_NO_EXISTE,24733,2
52960,FICHA_NO_EXISTE,26536,3
53625,FICHA_NO_EXISTE,21682,2
53674,FICHA_NO_EXISTE,178311,2
54289,FICHA_NO_EXISTE,11894,3
55392,FICHA_NO_EXISTE,577,3
55870,FICHA_NO_EXISTE,178311,2
55901,FICHA_NO_EXISTE,25577,2
56154,FICHA_NO_EXISTE,106477,3
56211,FICHA_NO_EXISTE,11510,3
56866,FICHA_NO_EXISTE,144224,2
57031,FICHA_NO_EXISTE,186779,2
57035,FICHA_NO_EXISTE,178311,2
57697,FICHA_NO_EXISTE,64966,2
57709,FICHA_NO_EXISTE,123030,3
58702,FICHA_NO_EXISTE,36274,2
58855,FICHA_NO_EXISTE,144224,2
59468,FICHA_NO_EXISTE,187208,2
60032,FICHA_NO_EXISTE,79322,3
60982,FICHA_NO_EXISTE,79322,3
61411,FICHA_NO_EXISTE,79322,3
61701,FICHA_NO_EXISTE,121340,3
61929,FICHA_NO_EXISTE,57321,2
62177,FICHA_NO_EXISTE,111338,3
62411,FICHA_NO_EXISTE,29488,2
62486,FICHA_NO_EXISTE,186486,2
62667,FICHA_NO_EXISTE,180223,2
62752,FICHA_NO_EXISTE,79322,3
63432,FICHA_NO_EXISTE,24733,2
63757,FICHA_NO_EXISTE,11914,2
64316,FICHA_NO_EXISTE,79322,3
64635,FICHA_NO_EXISTE,189736,2
64907,FICHA_NO_EXISTE,47532,3
64947,FICHA_NO_EXISTE,21682,2
66363,FICHA_NO_EXISTE,123850,3
67082,FICHA_NO_EXISTE,64370,3
67235,FICHA_NO_EXISTE,12021,3
67438,FICHA_NO_EXISTE,109795,3
69035,FICHA_NO_EXISTE,21682,2
69108,FICHA_NO_EXISTE,186779,2
69446,FICHA_NO_EXISTE,119976,3
70002,FICHA_NO_EXISTE,104939,3
70235,FICHA_NO_EXISTE,66810,2
71721,FICHA_NO_EXISTE,44569,2
72018,FICHA_NO_EXISTE,144224,2
73108,FICHA_NO_EXISTE,50953,3
73212,FICHA_NO_EXISTE,47532,3
73373,FICHA_NO_EXISTE,106477,3
73931,FICHA_NO_EXISTE,94220,3
75999,FICHA_NO_EXISTE,44238,3
76164,FICHA_NO_EXISTE,186486,2
76292,FICHA_NO_EXISTE,121096,3
76295,FICHA_NO_EXISTE,114855,3
76600,FICHA_NO_EXISTE,123660,3
76848,FICHA_NO_EXISTE,577,3
77162,FICHA_NO_EXISTE,123030,3
77883,FICHA_NO_EXISTE,44569,2
78239,FICHA_NO_EXISTE,36274,2
78653,FICHA_NO_EXISTE,121096,3
78669,FICHA_NO_EXISTE,109795,3
78693,FICHA_NO_EXISTE,6883,3
79003,FICHA_NO_EXISTE,50953,3
80080,FICHA_NO_EXISTE,75687,1
80231,FICHA_NO_EXISTE,188649,2
80372,FICHA_NO_EXISTE,4332,2
81821,FICHA_NO_EXISTE,124371,3
82861,FICHA_NO_EXISTE,321,2
83231,FICHA_NO_EXISTE,110564,3
84215,FICHA_NO_EXISTE,75687,1
84711,FICHA_NO_EXISTE,59283,3
86203,FICHA_NO_EXISTE,190791,2
87937,FICHA_NO_EXISTE,123030,3
88470,FICHA_NO_EXISTE,110564,3
88571,FICHA_NO_EXISTE,189736,2
88934,FICHA_NO_EXISTE,124527,3
89110,FICHA_NO_EXISTE,124570,3
89643,FICHA_NO_EXISTE,75687,1
89729,FICHA_NO_EXISTE,188649,2
90871,FICHA_NO_EXISTE,180470,2
91129,FICHA_NO_EXISTE,191049,2
91169,FICHA_NO_EXISTE,186779,2
91282,FICHA_NO_EXISTE,5303,2
91598,FICHA_NO_EXISTE,75687,1
91695,FICHA_NO_EXISTE,90106,3
92857,FICHA_NO_EXISTE,121340,3
92865,FICHA_NO_EXISTE,65944,3
93432,FICHA_NO_EXISTE,24733,2
94675,FICHA_NO_EXISTE,188649,2
96500,FICHA_NO_EXISTE,29488,2
96517,FICHA_NO_EXISTE,109795,3
96794,FICHA_NO_EXISTE,36274,2
97015,FICHA_NO_EXISTE,123030,3
97128,FICHA_NO_EXISTE,189736,2
97636,FICHA_NO_EXISTE,110564,3
98008,FICHA_NO_EXISTE,82213,3
98236,FICHA_NO_EXISTE,577,3
98517,FICHA_NO_EXISTE,57321,2
99262,FICHA_NO_EXISTE,123030,3
99273,FICHA_NO_EXISTE,109795,3
99988,FICHA_NO_EXISTE,188649,2
100173,FICHA_NO_EXISTE,73078,1
101028,FICHA_NO_EXISTE,114521,2
101073,FICHA_NO_EXISTE,109059,3
101289,FICHA_NO_EXISTE,123030,3
101327,FICHA_NO_EXISTE,189736,2
101734,FICHA_NO_EXISTE,98819,1
101928,FICHA_NO_EXISTE,114855,3
102006,FICHA_NO_EXISTE,26536,3
102137,FICHA_NO_EXISTE,8470,3
102169,FICHA_NO_EXISTE,15113,3
102315,FICHA_NO_EXISTE,94220,3
102883,FICHA_NO_EXISTE,187422,2
102892,FICHA_NO_EXISTE,182674,2
103829,FICHA_NO_EXISTE,36274,2
104480,FICHA_NO_EXISTE,180223,2
104768,FICHA_NO_EXISTE,124946,3
104807,FICHA_NO_EXISTE,39255,3
105525,FICHA_NO_EXISTE,11914,2
106297,FICHA_NO_EXISTE,109795,3
106818,FICHA_NO_EXISTE,188649,2
107666,FICHA_NO_EXISTE,169212,2
107932,FICHA_NO_EXISTE,15113,3
107940,FICHA_NO_EXISTE,108113,1
108255,FICHA_NO_EXISTE,36274,2
108856,FICHA_NO_EXISTE,110564,3
109150,FICHA_NO_EXISTE,45375,2
109395,FICHA_NO_EXISTE,191869,2
109449,FICHA_NO_EXISTE,577,3
109934,FICHA_NO_EXISTE,59283,3
110094,FICHA_NO_EXISTE,15113,3
110137,FICHA_NO_EXISTE,36995,3
110527,FICHA_NO_EXISTE,114521,2
111006,FICHA_NO_EXISTE,123030,3
112050,FICHA_NO_EXISTE,112814,1
112309,FICHA_NO_EXISTE,812550,2
112355,FICHA_NO_EXISTE,169212,2
112539,FICHA_NO_EXISTE,75687,1
112578,FICHA_NO_EXISTE,169212,2
113032,FICHA_NO_EXISTE,59283,3
113515,FICHA_NO_EXISTE,180616,2
113617,FICHA_NO_EXISTE,189736,2
113620,FICHA_NO_EXISTE,125181,3
113643,FICHA_NO_EXISTE,109795,3
114280,FICHA_NO_EXISTE,57321,2
114958,FICHA_NO_EXISTE,321,2
115665,FICHA_NO_EXISTE,187422,2
117247,FICHA_NO_EXISTE,112814,1
117285,FICHA_NO_EXISTE,57321,2
117676,FICHA_NO_EXISTE,180616,2
117795,FICHA_NO_EXISTE,109795,3
117922,FICHA_NO_EXISTE,169212,2
118043,FICHA_NO_EXISTE,94220,3
118236,FICHA_NO_EXISTE,8122,2
118576,FICHA_NO_EXISTE,114521,2
118578,FICHA_NO_EXISTE,191869,2
120331,FICHA_NO_EXISTE,124946,3
120799,FICHA_NO_EXISTE,111575,1
121019,FICHA_NO_EXISTE,123030,3
121659,FICHA_NO_EXISTE,180616,2
122550,FICHA_NO_EXISTE,112814,1
123279,FICHA_NO_EXISTE,169212,2
124863,FICHA_NO_EXISTE,144224,2
125666,FICHA_NO_EXISTE,112049,1
125721,FICHA_NO_EXISTE,40374,1
126824,FICHA_NO_EXISTE,112814,1
126871,FICHA_NO_EXISTE,169212,2
127304,FICHA_NO_EXISTE,15113,3
127435,FICHA_NO_EXISTE,187422,2
128038,FICHA_NO_EXISTE,44238,3
128065,FICHA_NO_EXISTE,577,3
130274,FICHA_NO_EXISTE,186779,2
130281,FICHA_NO_EXISTE,44238,3
130367,FICHA_NO_EXISTE,44238,3
130569,FICHA_NO_EXISTE,577,3
130651,FICHA_NO_EXISTE,103370,3
130876,FICHA_NO_EXISTE,74123,3
131491,FICHA_NO_EXISTE,148609,2
131824,FICHA_NO_EXISTE,109795,3
134139,FICHA_NO_EXISTE,163620,2
134311,FICHA_NO_EXISTE,44238,3
134478,FICHA_NO_EXISTE,193925,2
134481,FICHA_NO_EXISTE,187422,2
134488,FICHA_NO_EXISTE,44238,3
134655,FICHA_NO_EXISTE,187422,2
134744,FICHA_NO_EXISTE,193928,2
134932,FICHA_NO_EXISTE,144224,2
134960,FICHA_NO_EXISTE,577,3
137730,FICHA_NO_EXISTE,94222,1
138612,FICHA_NO_EXISTE,44238,3
138949,FICHA_NO_EXISTE,126532,3
139417,FICHA_NO_EXISTE,114521,2
139558,FICHA_NO_EXISTE,114746,3
139675,FICHA_NO_EXISTE,57321,2
141214,FICHA_NO_EXISTE,94222,1
141230,FICHA_NO_EXISTE,44238,3
141973,FICHA_NO_EXISTE,191869,2
142238,FICHA_NO_EXISTE,47532,3
142886,FICHA_NO_EXISTE,126532,3
143899,FICHA_NO_EXISTE,126532,3
144948,FICHA_NO_EXISTE,187208,2
145227,FICHA_NO_EXISTE,144224,2
146545,FICHA_NO_EXISTE,126115,3
146956,FICHA_NO_EXISTE,36274,2
147772,FICHA_NO_EXISTE,60552,2
148633,FICHA_NO_EXISTE,24733,2
151029,FICHA_NO_EXISTE,144224,2
154849,FICHA_NO_EXISTE,160618,2
154948,FICHA_NO_EXISTE,312,3
155551,FICHA_NO_EXISTE,36274,2
156199,FICHA_NO_EXISTE,108113,1
156313,FICHA_NO_EXISTE,114521,2
157057,FICHA_NO_EXISTE,194769,2
157607,FICHA_NO_EXISTE,53633,3
158888,FICHA_NO_EXISTE,144224,2
158891,FICHA_NO_EXISTE,193928,2
159512,FICHA_NO_EXISTE,57321,2
160449,FICHA_NO_EXISTE,144224,2
161288,FICHA_NO_EXISTE,98351,3
161517,FICHA_NO_EXISTE,178311,2
162339,FICHA_NO_EXISTE,186779,2
162385,FICHA_NO_EXISTE,107755,3
163924,FICHA_NO_EXISTE,60552,2
165680,FICHA_NO_EXISTE,114521,2
166094,FICHA_NO_EXISTE,577,3
166438,FICHA_NO_EXISTE,186779,2
167177,FICHA_NO_EXISTE,195394,2
167483,FICHA_NO_EXISTE,167142,2
167705,FICHA_NO_EXISTE,182674,2
168272,FICHA_NO_EXISTE,115006,1
168738,FICHA_NO_EXISTE,148609,2
168831,FICHA_NO_EXISTE,119976,3
169295,FICHA_NO_EXISTE,8753,3
169791,FICHA_NO_EXISTE,121553,3
171002,FICHA_NO_EXISTE,57184,3
171082,FICHA_NO_EXISTE,195394,2
171201,FICHA_NO_EXISTE,193928,2
171225,FICHA_NO_EXISTE,195616,2
172624,FICHA_NO_EXISTE,188649,2
172750,FICHA_NO_EXISTE,195800,2
172997,FICHA_NO_EXISTE,57321,2
173247,FICHA_NO_EXISTE,91318,3
173582,FICHA_NO_EXISTE,8753,3
173597,FICHA_NO_EXISTE,155545,3
174803,FICHA_NO_EXISTE,126961,3
175028,FICHA_NO_EXISTE,195616,2
175299,FICHA_NO_EXISTE,970581,3
175388,FICHA_NO_EXISTE,114884,1
175542,FICHA_NO_EXISTE,970580,3
175712,FICHA_NO_EXISTE,57321,2
176127,FICHA_NO_EXISTE,114987,1
176409,FICHA_NO_EXISTE,126961,3
176544,FICHA_NO_EXISTE,195394,2
176678,FICHA_NO_EXISTE,195800,2
177360,FICHA_NO_EXISTE,79165,3
177397,FICHA_NO_EXISTE,8753,3
179053,FICHA_NO_EXISTE,196068,2
179056,FICHA_NO_EXISTE,109310,3
179245,FICHA_NO_EXISTE,115006,1
180854,FICHA_NO_EXISTE,148609,2
181230,FICHA_NO_EXISTE,57321,2
181250,FICHA_NO_EXISTE,24733,2
181628,FICHA_NO_EXISTE,126961,3
181668,FICHA_NO_EXISTE,126532,3
181749,FICHA_NO_EXISTE,196068,2
183037,FICHA_NO_EXISTE,160618,2
183382,FICHA_NO_EXISTE,196329,2
183858,FICHA_NO_EXISTE,121096,3
184047,FICHA_NO_EXISTE,26536,3
184808,FICHA_NO_EXISTE,188649,2
185133,FICHA_NO_EXISTE,24733,2
185336,FICHA_NO_EXISTE,160618,2
185465,FICHA_NO_EXISTE,184452,2
185617,FICHA_NO_EXISTE,9946,3
185652,FICHA_NO_EXISTE,126532,3
186228,FICHA_NO_EXISTE,119814,3
187916,FICHA_NO_EXISTE,115371,1
188381,FICHA_NO_EXISTE,3468,3
188496,FICHA_NO_EXISTE,129818,2
188986,FICHA_NO_EXISTE,26536,3
189554,FICHA_NO_EXISTE,126532,3
190029,FICHA_NO_EXISTE,8122,2
190045,FICHA_NO_EXISTE,105302,3
191127,FICHA_NO_EXISTE,60808,2
191206,FICHA_NO_EXISTE,114521,2
192210,FICHA_NO_EXISTE,160618,2
192459,FICHA_NO_EXISTE,18310,1
193132,FICHA_NO_EXISTE,5958,1
193538,FICHA_NO_EXISTE,18310,1
193895,FICHA_NO_EXISTE,160618,2
194019,FICHA_NO_EXISTE,163620,2
194250,FICHA_NO_EXISTE,194854,2
194293,FICHA_NO_EXISTE,115635,1
195267,FICHA_NO_EXISTE,129818,2
195957,FICHA_NO_EXISTE,160618,2
197195,FICHA_NO_EXISTE,129818,2
198370,FICHA_NO_EXISTE,9946,3
199219,FICHA_NO_EXISTE,60552,2
199357,FICHA_NO_EXISTE,128503,3
199942,FICHA_NO_EXISTE,115796,1
200209,FICHA_NO_EXISTE,148609,2
200507,FICHA_NO_EXISTE,115371,1
201284,FICHA_NO_EXISTE,129818,2
201598,FICHA_NO_EXISTE,194854,2
202601,FICHA_NO_EXISTE,163620,2
203058,FICHA_NO_EXISTE,144224,2
203221,FICHA_NO_EXISTE,128503,3
205162,FICHA_NO_EXISTE,8753,3
206092,FICHA_NO_EXISTE,115188,1
206632,FICHA_NO_EXISTE,129818,2
206832,FICHA_NO_EXISTE,115006,1
206931,FICHA_NO_EXISTE,170983,2
207023,FICHA_NO_EXISTE,122950,3
208157,FICHA_NO_EXISTE,128827,3
208500,FICHA_NO_EXISTE,191869,2
209321,FICHA_NO_EXISTE,49123,1
209841,FICHA_NO_EXISTE,152143,2
209981,FICHA_NO_EXISTE,122950,3
210383,FICHA_NO_EXISTE,170983,2
210456,FICHA_NO_EXISTE,197538,2
210481,FICHA_NO_EXISTE,160618,2
210566,FICHA_NO_EXISTE,113811,3
211625,FICHA_NO_EXISTE,26536,3
212029,FICHA_NO_EXISTE,49936,3
212061,FICHA_NO_EXISTE,9946,3
212515,FICHA_NO_EXISTE,108426,3
213201,FICHA_NO_EXISTE,129818,2
213692,FICHA_NO_EXISTE,197783,2
213780,FICHA_NO_EXISTE,170983,2
215526,FICHA_NO_EXISTE,197538,2
216335,FICHA_NO_EXISTE,129818,2
216363,FICHA_NO_EXISTE,122950,3
216616,FICHA_NO_EXISTE,9946,3
217194,FICHA_NO_EXISTE,144224,2
218966,FICHA_NO_EXISTE,129818,2
219228,FICHA_NO_EXISTE,18310,1
219414,FICHA_NO_EXISTE,113860,1
219678,FICHA_NO_EXISTE,198104,2
220608,FICHA_NO_EXISTE,91519,2
221682,FICHA_NO_EXISTE,3568,3
222170,FICHA_NO_EXISTE,98819,1
222255,FICHA_NO_EXISTE,78144,1
223455,FICHA_NO_EXISTE,170983,2
223991,FICHA_NO_EXISTE,9946,3
224144,FICHA_NO_EXISTE,733,3
224437,FICHA_NO_EXISTE,3568,3
224632,FICHA_NO_EXISTE,5303,2
224955,FICHA_NO_EXISTE,129818,2
225064,FICHA_NO_EXISTE,197538,2
226288,FICHA_NO_EXISTE,198461,2
227790,FICHA_NO_EXISTE,197129,2
227792,FICHA_NO_EXISTE,196138,2
228242,FICHA_NO_EXISTE,113811,3
229293,FICHA_NO_EXISTE,198613,2
229586,FICHA_NO_EXISTE,123030,3
229858,FICHA_NO_EXISTE,121340,3
230586,FICHA_NO_EXISTE,60808,2
230588,FICHA_NO_EXISTE,129818,2
230766,FICHA_NO_EXISTE,144224,2
231303,FICHA_NO_EXISTE,197538,2
232047,FICHA_NO_EXISTE,121340,3
233115,FICHA_NO_EXISTE,108113,1
233446,FICHA_NO_EXISTE,733,3
233878,FICHA_NO_EXISTE,18089,3
234567,FICHA_NO_EXISTE,175940,2
235495,FICHA_NO_EXISTE,733,3
235696,FICHA_NO_EXISTE,820281,2
236940,FICHA_NO_EXISTE,126532,3
237137,FICHA_NO_EXISTE,160618,2
237172,FICHA_NO_EXISTE,197538,2
237952,FICHA_NO_EXISTE,128503,3
238150,FICHA_NO_EXISTE,9946,3
238672,FICHA_NO_EXISTE,144224,2
239220,FICHA_NO_EXISTE,197538,2
239867,FICHA_NO_EXISTE,115646,3
240450,FICHA_NO_EXISTE,191869,2
242049,FICHA_NO_EXISTE,122950,3
242110,FICHA_NO_EXISTE,128503,3
242833,FICHA_NO_EXISTE,198613,2
242878,FICHA_NO_EXISTE,91672,3
244069,FICHA_NO_EXISTE,733,3
244219,FICHA_NO_EXISTE,8753,3
244610,FICHA_NO_EXISTE,60808,2
244756,FICHA_NO_EXISTE,312,3
245008,FICHA_NO_EXISTE,115006,1
246777,FICHA_NO_EXISTE,129818,2
247101,FICHA_NO_EXISTE,55856,3
247183,FICHA_NO_EXISTE,121059,3
248920,FICHA_NO_EXISTE,108113,1
249230,FICHA_NO_EXISTE,167142,2
249905,FICHA_NO_EXISTE,312,3
249923,FICHA_NO_EXISTE,128503,3
250234,FICHA_NO_EXISTE,24733,2
250483,FICHA_NO_EXISTE,91672,3
250895,FICHA_NO_EXISTE,129302,3
251547,FICHA_NO_EXISTE,128503,3
251616,FICHA_NO_EXISTE,24733,2
251625,FICHA_NO_EXISTE,129818,2
251803,FICHA_NO_EXISTE,733,3
252326,FICHA_NO_EXISTE,191049,2
253207,FICHA_NO_EXISTE,129302,3
254212,FICHA_NO_EXISTE,26536,3
256268,FICHA_NO_EXISTE,130312,3
256949,FICHA_NO_EXISTE,160618,2
256959,FICHA_NO_EXISTE,163620,2
257219,FICHA_NO_EXISTE,129818,2
257349,FICHA_NO_EXISTE,6669,3
257933,FICHA_NO_EXISTE,178311,2
259326,FICHA_NO_EXISTE,112814,1
259918,FICHA_NO_EXISTE,175940,2
260633,FICHA_NO_EXISTE,112814,1
261461,FICHA_NO_EXISTE,104693,3
261713,FICHA_NO_EXISTE,193928,2
262399,FICHA_NO_EXISTE,24733,2
262761,FICHA_NO_EXISTE,117897,1
262892,FICHA_NO_EXISTE,130545,3
263243,FICHA_NO_EXISTE,200174,2
263607,FICHA_NO_EXISTE,120230,3
263671,FICHA_NO_EXISTE,29488,2
264417,FICHA_NO_EXISTE,113860,1
264553,FICHA_NO_EXISTE,144224,2
265131,FICHA_NO_EXISTE,71913,1
265186,FICHA_NO_EXISTE,112814,1
265804,FICHA_NO_EXISTE,120230,3
266626,FICHA_NO_EXISTE,733,3
266633,FICHA_NO_EXISTE,26536,3
266798,FICHA_NO_EXISTE,130687,3
266957,FICHA_NO_EXISTE,70964,2
267346,FICHA_NO_EXISTE,170983,2
267489,FICHA_NO_EXISTE,193928,2
268918,FICHA_NO_EXISTE,102769,1
269127,FICHA_NO_EXISTE,170983,2
269678,FICHA_NO_EXISTE,95026,3
269763,FICHA_NO_EXISTE,175940,2
270795,FICHA_NO_EXISTE,112814,1
271065,FICHA_NO_EXISTE,114855,3
271584,FICHA_NO_EXISTE,193928,2
271642,FICHA_NO_EXISTE,17298,3
271647,FICHA_NO_EXISTE,104693,3
272784,FICHA_NO_EXISTE,24733,2
273855,FICHA_NO_EXISTE,622,3
274003,FICHA_NO_EXISTE,144224,2
274022,FICHA_NO_EXISTE,18089,3
274432,FICHA_NO_EXISTE,29488,2
274900,FICHA_NO_EXISTE,109310,3
275710,FICHA_NO_EXISTE,115006,1
276260,FICHA_NO_EXISTE,102769,1
277348,FICHA_NO_EXISTE,55856,3
278463,FICHA_NO_EXISTE,102769,1
279192,FICHA_NO_EXISTE,200605,2
280342,FICHA_NO_EXISTE,111338,3
280562,FICHA_NO_EXISTE,197538,2
280991,FICHA_NO_EXISTE,8470,3
281301,FICHA_NO_EXISTE,120230,3
281590,FICHA_NO_EXISTE,128827,3
281811,FICHA_NO_EXISTE,160618,2
282007,FICHA_NO_EXISTE,130687,3
282805,FICHA_NO_EXISTE,112814,1
283757,FICHA_NO_EXISTE,733,3
284475,FICHA_NO_EXISTE,29488,2
284922,FICHA_NO_EXISTE,120230,3
285007,FICHA_NO_EXISTE,194904,2
285092,FICHA_NO_EXISTE,160618,2
285928,FICHA_NO_EXISTE,110968,1
286139,FICHA_NO_EXISTE,194904,2
286350,FICHA_NO_EXISTE,99403,2
286983,FICHA_NO_EXISTE,190791,2
288629,FICHA_NO_EXISTE,128827,3
289041,FICHA_NO_EXISTE,36274,2
291088,FICHA_NO_EXISTE,172896,2
291318,FICHA_NO_EXISTE,11125,2
291645,FICHA_NO_EXISTE,44644,2
291729,FICHA_NO_EXISTE,184188,2
292283,FICHA_NO_EXISTE,79762,3
292308,FICHA_NO_EXISTE,200679,2
295109,FICHA_NO_EXISTE,195286,2
296027,FICHA_NO_EXISTE,44644,2
296441,FICHA_NO_EXISTE,119976,3
296443,FICHA_NO_EXISTE,110564,3
296656,FICHA_NO_EXISTE,121340,3
297229,FICHA_NO_EXISTE,200960,2
298732,FICHA_NO_EXISTE,197036,2
299156,FICHA_NO_EXISTE,11125,2
299611,FICHA_NO_EXISTE,197538,2
301444,FICHA_NO_EXISTE,26536,3
302227,FICHA_NO_EXISTE,200755,2
303489,FICHA_NO_EXISTE,113860,1
304295,FICHA_NO_EXISTE,187134,2
304764,FICHA_NO_EXISTE,166809,2
305682,FICHA_NO_EXISTE,178311,2
306244,FICHA_NO_EXISTE,29488,2
306879,FICHA_NO_EXISTE,188639,2
306897,FICHA_NO_EXISTE,99403,2
307865,FICHA_NO_EXISTE,44644,2
308017,FICHA_NO_EXISTE,201956,2
308437,FICHA_NO_EXISTE,121340,3
309767,FICHA_NO_EXISTE,195286,2
310064,FICHA_NO_EXISTE,24733,2
311676,FICHA_NO_EXISTE,119814,3
311702,FICHA_NO_EXISTE,112307,1
312820,FICHA_NO_EXISTE,195286,2
313004,FICHA_NO_EXISTE,194854,2
313151,FICHA_NO_EXISTE,114855,3
313667,FICHA_NO_EXISTE,200499,2
313962,FICHA_NO_EXISTE,29488,2
314018,FICHA_NO_EXISTE,201141,2
314032,FICHA_NO_EXISTE,144224,2
314404,FICHA_NO_EXISTE,202094,2
315361,FICHA_NO_EXISTE,200755,2
315554,FICHA_NO_EXISTE,178311,2
315652,FICHA_NO_EXISTE,29488,2
316050,FICHA_NO_EXISTE,26536,3
317196,FICHA_NO_EXISTE,201141,2
319156,FICHA_NO_EXISTE,202332,2
319541,FICHA_NO_EXISTE,193928,2
320406,FICHA_NO_EXISTE,200679,2
321474,FICHA_NO_EXISTE,195616,2
321891,FICHA_NO_EXISTE,114884,1
322034,FICHA_NO_EXISTE,44644,2
322237,FICHA_NO_EXISTE,194854,2
322392,FICHA_NO_EXISTE,197267,2
322635,FICHA_NO_EXISTE,202429,2
322650,FICHA_NO_EXISTE,132187,3
322819,FICHA_NO_EXISTE,201082,2
323820,FICHA_NO_EXISTE,202412,2
324152,FICHA_NO_EXISTE,195286,2
324304,FICHA_NO_EXISTE,131742,2
325153,FICHA_NO_EXISTE,200755,2
326094,FICHA_NO_EXISTE,56027,2
326167,FICHA_NO_EXISTE,201141,2
326422,FICHA_NO_EXISTE,201082,2
326550,FICHA_NO_EXISTE,71913,1
326619,FICHA_NO_EXISTE,24733,2
326716,FICHA_NO_EXISTE,117897,1
327544,FICHA_NO_EXISTE,98457,2
327708,FICHA_NO_EXISTE,3468,3
327864,FICHA_NO_EXISTE,202574,2
327880,FICHA_NO_EXISTE,5303,2
327929,FICHA_NO_EXISTE,44644,2
328832,FICHA_NO_EXISTE,95864,2
329044,FICHA_NO_EXISTE,162053,2
329151,FICHA_NO_EXISTE,202412,2
330053,FICHA_NO_EXISTE,201141,2
330397,FICHA_NO_EXISTE,162053,2
331962,FICHA_NO_EXISTE,202762,2
332021,FICHA_NO_EXISTE,202677,2
332152,FICHA_NO_EXISTE,24733,2
332302,FICHA_NO_EXISTE,202791,2
332315,FICHA_NO_EXISTE,130719,3
333081,FICHA_NO_EXISTE,188299,2
333540,FICHA_NO_EXISTE,129818,2
334650,FICHA_NO_EXISTE,321,2
334974,FICHA_NO_EXISTE,116316,3
335129,FICHA_NO_EXISTE,5303,2
336159,FICHA_NO_EXISTE,197036,2
336219,FICHA_NO_EXISTE,202429,2
336460,FICHA_NO_EXISTE,36274,2
336743,FICHA_NO_EXISTE,197657,2
337191,FICHA_NO_EXISTE,8470,3
337223,FICHA_NO_EXISTE,195286,2
337682,FICHA_NO_EXISTE,194854,2
339314,FICHA_NO_EXISTE,197036,2
339838,FICHA_NO_EXISTE,132187,3
340245,FICHA_NO_EXISTE,187134,2
341049,FICHA_NO_EXISTE,119976,3
341889,FICHA_NO_EXISTE,321,2
342440,FICHA_NO_EXISTE,24733,2
344667,FICHA_NO_EXISTE,178082,2
346059,FICHA_NO_EXISTE,202412,2
346665,FICHA_NO_EXISTE,82564,3
346795,FICHA_NO_EXISTE,201141,2
346942,FICHA_NO_EXISTE,178311,2
348742,FICHA_NO_EXISTE,202412,2
348778,FICHA_NO_EXISTE,201141,2
349620,FICHA_NO_EXISTE,203095,2
350227,FICHA_NO_EXISTE,144224,2
350555,FICHA_NO_EXISTE,188299,2
351670,FICHA_NO_EXISTE,171266,2
352396,FICHA_NO_EXISTE,202412,2
353027,FICHA_NO_EXISTE,203399,2
353081,FICHA_NO_EXISTE,111213,3
353449,FICHA_NO_EXISTE,203095,2
353894,FICHA_NO_EXISTE,36274,2
354006,FICHA_NO_EXISTE,29488,2
354605,FICHA_NO_EXISTE,99403,2
355326,FICHA_NO_EXISTE,197783,2
355654,FICHA_NO_EXISTE,121553,3
355740,FICHA_NO_EXISTE,203095,2
355809,FICHA_NO_EXISTE,194854,2
356479,FICHA_NO_EXISTE,201082,2
357884,FICHA_NO_EXISTE,200499,2
358069,FICHA_NO_EXISTE,202412,2
358669,FICHA_NO_EXISTE,178082,2
358833,FICHA_NO_EXISTE,82564,3
359343,FICHA_NO_EXISTE,5303,2
360041,FICHA_NO_EXISTE,197783,2
360053,FICHA_NO_EXISTE,187134,2
360201,FICHA_NO_EXISTE,190574,2
361495,FICHA_NO_EXISTE,198613,2
361813,FICHA_NO_EXISTE,24733,2
362860,FICHA_NO_EXISTE,17298,3
363149,FICHA_NO_EXISTE,203828,2
363178,FICHA_NO_EXISTE,200755,2
363246,FICHA_NO_EXISTE,144224,2
363374,FICHA_NO_EXISTE,84799,2
363619,FICHA_NO_EXISTE,131742,2
363723,FICHA_NO_EXISTE,5303,2
364265,FICHA_NO_EXISTE,203828,2
364488,FICHA_NO_EXISTE,29488,2
364843,FICHA_NO_EXISTE,152143,2
365076,FICHA_NO_EXISTE,36274,2
365562,FICHA_NO_EXISTE,203848,2
365740,FICHA_NO_EXISTE,197783,2
367014,FICHA_NO_EXISTE,203952,2
367028,FICHA_NO_EXISTE,201082,2
367485,FICHA_NO_EXISTE,132777,3
367573,FICHA_NO_EXISTE,191161,2
368141,FICHA_NO_EXISTE,203996,2
368608,FICHA_NO_EXISTE,119976,3
369315,FICHA_NO_EXISTE,132777,3
369754,FICHA_NO_EXISTE,73845,3
370749,FICHA_NO_EXISTE,113811,3
370930,FICHA_NO_EXISTE,204227,2
371347,FICHA_NO_EXISTE,204244,2
371660,FICHA_NO_EXISTE,133269,3
372181,FICHA_NO_EXISTE,204325,2
372743,FICHA_NO_EXISTE,204372,2
373468,FICHA_NO_EXISTE,204392,2
373821,FICHA_NO_EXISTE,75355,2
375477,FICHA_NO_EXISTE,204244,2
376043,FICHA_NO_EXISTE,133269,3
376508,FICHA_NO_EXISTE,182556,2
376930,FICHA_NO_EXISTE,131742,2
377409,FICHA_NO_EXISTE,115635,1
377473,FICHA_NO_EXISTE,191161,2
377604,FICHA_NO_EXISTE,17298,3
377984,FICHA_NO_EXISTE,204022,2
378271,FICHA_NO_EXISTE,54342,2
378492,FICHA_NO_EXISTE,203095,2
378759,FICHA_NO_EXISTE,73845,3
378813,FICHA_NO_EXISTE,204244,2
378888,FICHA_NO_EXISTE,8990,3
379321,FICHA_NO_EXISTE,201956,2
379633,FICHA_NO_EXISTE,133312,3
379751,FICHA_NO_EXISTE,121358,3
380281,FICHA_NO_EXISTE,200499,2
380450,FICHA_NO_EXISTE,191161,2
381054,FICHA_NO_EXISTE,204681,2
381407,FICHA_NO_EXISTE,57184,3
381424,FICHA_NO_EXISTE,203399,2
381891,FICHA_NO_EXISTE,254,3
382300,FICHA_NO_EXISTE,17298,3
382379,FICHA_NO_EXISTE,55449,1
382545,FICHA_NO_EXISTE,133312,3
383101,FICHA_NO_EXISTE,187134,2
383322,FICHA_NO_EXISTE,204681,2
383928,FICHA_NO_EXISTE,73845,3
384179,FICHA_NO_EXISTE,203399,2
384278,FICHA_NO_EXISTE,197783,2
384671,FICHA_NO_EXISTE,133888,3
384782,FICHA_NO_EXISTE,191161,2
386440,FICHA_NO_EXISTE,191287,2
387243,FICHA_NO_EXISTE,8990,3
388263,FICHA_NO_EXISTE,17298,3
389045,FICHA_NO_EXISTE,121553,3
389182,FICHA_NO_EXISTE,121358,3
389187,FICHA_NO_EXISTE,133269,3
390451,FICHA_NO_EXISTE,73845,3
390452,FICHA_NO_EXISTE,8990,3
391017,FICHA_NO_EXISTE,8990,3
391110,FICHA_NO_EXISTE,206027,2
391877,FICHA_NO_EXISTE,8990,3
392104,FICHA_NO_EXISTE,73845,3
392383,FICHA_NO_EXISTE,206444,2
392879,FICHA_NO_EXISTE,75788,2
393171,FICHA_NO_EXISTE,206592,2
393367,FICHA_NO_EXISTE,206356,2
393754,FICHA_NO_EXISTE,134940,3
394311,FICHA_NO_EXISTE,203399,2
394514,FICHA_NO_EXISTE,124371,3
394572,FICHA_NO_EXISTE,208483,2
394606,FICHA_NO_EXISTE,208208,2
394784,FICHA_NO_EXISTE,113811,3
395200,FICHA_NO_EXISTE,206822,2
395464,FICHA_NO_EXISTE,203399,2
396176,FICHA_NO_EXISTE,113811,3
397700,FICHA_NO_EXISTE,134795,3
397716,FICHA_NO_EXISTE,134795,3
398701,FICHA_NO_EXISTE,132777,3
399404,FICHA_NO_EXISTE,8990,3
400977,FICHA_NO_EXISTE,131742,2
401156,FICHA_NO_EXISTE,113668,3
401496,FICHA_NO_EXISTE,119976,3
401752,FICHA_NO_EXISTE,132777,3
402396,FICHA_NO_EXISTE,99201,5
402507,FICHA_NO_EXISTE,132777,3
402753,FICHA_NO_EXISTE,733,3
402792,FICHA_NO_EXISTE,134795,3
403413,FICHA_NO_EXISTE,17298,3
403516,FICHA_NO_EXISTE,207966,2
403849,FICHA_NO_EXISTE,105302,3
404616,FICHA_NO_EXISTE,132777,3
405104,FICHA_NO_EXISTE,99403,2
405225,FICHA_NO_EXISTE,135403,3
405626,FICHA_NO_EXISTE,17298,3
406077,FICHA_NO_EXISTE,132777,3
406716,FICHA_NO_EXISTE,126530,3
406786,FICHA_NO_EXISTE,8753,3
407113,FICHA_NO_EXISTE,17298,3
407208,FICHA_NO_EXISTE,197267,2
408025,FICHA_NO_EXISTE,208510,2
408836,FICHA_NO_EXISTE,104693,3
408974,FICHA_NO_EXISTE,29891,3
411233,FICHA_NO_EXISTE,119976,3
412025,FICHA_NO_EXISTE,133312,3
412157,FICHA_NO_EXISTE,79322,3
412935,FICHA_NO_EXISTE,29891,3
413523,FICHA_NO_EXISTE,209178,2
413867,FICHA_NO_EXISTE,176351,2
414643,FICHA_NO_EXISTE,209297,2
415191,FICHA_NO_EXISTE,209363,2
415367,FICHA_NO_EXISTE,208592,2
415508,FICHA_NO_EXISTE,121553,3
416816,FICHA_NO_EXISTE,176351,2
417107,FICHA_NO_EXISTE,115786,1
417863,FICHA_NO_EXISTE,121096,3
418410,FICHA_NO_EXISTE,104693,3
418421,FICHA_NO_EXISTE,90797,1
418470,FICHA_NO_EXISTE,123699,1
419225,FICHA_NO_EXISTE,207966,2
419554,FICHA_NO_EXISTE,28111,3
420166,FICHA_NO_EXISTE,206822,2
420345,FICHA_NO_EXISTE,122791,1
420581,FICHA_NO_EXISTE,119214,3
421213,FICHA_NO_EXISTE,121096,3
421373,FICHA_NO_EXISTE,30241,3
424207,FICHA_NO_EXISTE,119214,3
424499,FICHA_NO_EXISTE,131742,2
424838,FICHA_NO_EXISTE,30241,3
425852,FICHA_NO_EXISTE,115066,1
426486,FICHA_NO_EXISTE,189858,2
427039,FICHA_NO_EXISTE,115066,1
427209,FICHA_NO_EXISTE,210312,2
427475,FICHA_NO_EXISTE,119214,3
427808,FICHA_NO_EXISTE,8990,3
428033,FICHA_NO_EXISTE,73845,3
428634,FICHA_NO_EXISTE,163784,2
428654,FICHA_NO_EXISTE,209700,2
428964,FICHA_NO_EXISTE,119214,3
429476,FICHA_NO_EXISTE,135403,3
429589,FICHA_NO_EXISTE,75438,2
429873,FICHA_NO_EXISTE,206822,2
430430,FICHA_NO_EXISTE,110564,3
430455,FICHA_NO_EXISTE,468,3
430485,FICHA_NO_EXISTE,115066,1
430909,FICHA_NO_EXISTE,136911,3
430919,FICHA_NO_EXISTE,135403,3
431140,FICHA_NO_EXISTE,108985,3
432483,FICHA_NO_EXISTE,34780,3
433001,FICHA_NO_EXISTE,210675,2
433338,FICHA_NO_EXISTE,122674,1
433378,FICHA_NO_EXISTE,114703,3
433410,FICHA_NO_EXISTE,114884,1
433455,FICHA_NO_EXISTE,210687,2
433647,FICHA_NO_EXISTE,208127,2
433795,FICHA_NO_EXISTE,70584,3
433865,FICHA_NO_EXISTE,136911,3
434204,FICHA_NO_EXISTE,123906,1
435006,FICHA_NO_EXISTE,468,3
435135,FICHA_NO_EXISTE,210675,2
435176,FICHA_NO_EXISTE,125087,3
435806,FICHA_NO_EXISTE,114703,3
436285,FICHA_NO_EXISTE,210312,2
436734,FICHA_NO_EXISTE,136911,3
437073,FICHA_NO_EXISTE,135403,3
437455,FICHA_NO_EXISTE,111034,3
437541,FICHA_NO_EXISTE,108113,1
437903,FICHA_NO_EXISTE,30241,3
438742,FICHA_NO_EXISTE,114703,3
438795,FICHA_NO_EXISTE,47532,3
439096,FICHA_NO_EXISTE,108113,1
439508,FICHA_NO_EXISTE,122195,1
440279,FICHA_NO_EXISTE,82564,3
440579,FICHA_NO_EXISTE,115066,1
441441,FICHA_NO_EXISTE,154506,2
442089,FICHA_NO_EXISTE,30241,3
442118,FICHA_NO_EXISTE,110564,3
442456,FICHA_NO_EXISTE,99432,5
442632,FICHA_NO_EXISTE,131835,3
442899,FICHA_NO_EXISTE,136911,3
444092,FICHA_NO_EXISTE,206992,2
444148,FICHA_NO_EXISTE,114198,1
444351,FICHA_NO_EXISTE,115371,1
445739,FICHA_NO_EXISTE,191457,2
446486,FICHA_NO_EXISTE,114703,3
446822,FICHA_NO_EXISTE,110564,3
446967,FICHA_NO_EXISTE,115635,1
447496,FICHA_NO_EXISTE,122674,1
447525,FICHA_NO_EXISTE,123030,3
447744,FICHA_NO_EXISTE,117931,1
448452,FICHA_NO_EXISTE,31709,5
448534,FICHA_NO_EXISTE,114703,3
449502,FICHA_NO_EXISTE,123684,1
450588,FICHA_NO_EXISTE,114703,3
451429,FICHA_NO_EXISTE,211838,2
451773,FICHA_NO_EXISTE,211838,2
452590,FICHA_NO_EXISTE,108985,3
452929,FICHA_NO_EXISTE,126037,1
453587,FICHA_NO_EXISTE,126037,1
454351,FICHA_NO_EXISTE,124441,1
455260,FICHA_NO_EXISTE,115635,1
456070,FICHA_NO_EXISTE,212016,2
456725,FICHA_NO_EXISTE,115635,1
456781,FICHA_NO_EXISTE,170262,2
457422,FICHA_NO_EXISTE,99655,5
457743,FICHA_NO_EXISTE,115635,1
458366,FICHA_NO_EXISTE,125490,1
458965,FICHA_NO_EXISTE,211000,2
458974,FICHA_NO_EXISTE,115786,1
458980,FICHA_NO_EXISTE,211838,2
459868,FICHA_NO_EXISTE,126320,1
459984,FICHA_NO_EXISTE,126372,1
460737,FICHA_NO_EXISTE,204394,2
460941,FICHA_NO_EXISTE,126320,1
462704,FICHA_NO_EXISTE,126320,1
462871,FICHA_NO_EXISTE,204394,2
462974,FICHA_NO_EXISTE,126425,1
463933,FICHA_NO_EXISTE,126320,1
465741,FICHA_NO_EXISTE,121207,3
465786,FICHA_NO_EXISTE,114198,1
466955,FICHA_NO_EXISTE,99760,5
467136,FICHA_NO_EXISTE,212803,2
467148,FICHA_NO_EXISTE,117931,1
467375,FICHA_NO_EXISTE,136911,3
467422,FICHA_NO_EXISTE,115978,3
469402,FICHA_NO_EXISTE,212872,2
472494,FICHA_NO_EXISTE,126637,1
472714,FICHA_NO_EXISTE,132777,3
474173,FICHA_NO_EXISTE,121207,3
475407,FICHA_NO_EXISTE,170159,2
475554,FICHA_NO_EXISTE,99848,5
475794,FICHA_NO_EXISTE,126637,1
476167,FICHA_NO_EXISTE,122674,1
476246,FICHA_NO_EXISTE,213439,2
476681,FICHA_NO_EXISTE,126637,1
476682,FICHA_NO_EXISTE,99851,5
477150,FICHA_NO_EXISTE,125490,1
477598,FICHA_NO_EXISTE,132777,3
478208,FICHA_NO_EXISTE,115635,1
478693,FICHA_NO_EXISTE,206822,2
478867,FICHA_NO_EXISTE,58799,2
479742,FICHA_NO_EXISTE,119697,1
479814,FICHA_NO_EXISTE,170159,2
481207,FICHA_NO_EXISTE,125490,1
481437,FICHA_NO_EXISTE,211838,2
482300,FICHA_NO_EXISTE,194238,2
482680,FICHA_NO_EXISTE,127116,1
483938,FICHA_NO_EXISTE,58799,2
483985,FICHA_NO_EXISTE,204394,2
484167,FICHA_NO_EXISTE,113066,1
484854,FICHA_NO_EXISTE,125412,1
485522,FICHA_NO_EXISTE,125412,1
485918,FICHA_NO_EXISTE,113066,1
487243,FICHA_NO_EXISTE,204394,2
487504,FICHA_NO_EXISTE,114884,1
487518,FICHA_NO_EXISTE,114198,1
488203,FICHA_NO_EXISTE,212289,2
488751,FICHA_NO_EXISTE,211838,2
489165,FICHA_NO_EXISTE,125412,1
490915,FICHA_NO_EXISTE,110564,3
491290,FICHA_NO_EXISTE,149014,2
491972,FICHA_NO_EXISTE,214252,2
493028,FICHA_NO_EXISTE,100001,5
493643,FICHA_NO_EXISTE,114884,1
493922,FICHA_NO_EXISTE,127116,1
497549,FICHA_NO_EXISTE,127718,1
498462,FICHA_NO_EXISTE,204994,2
498540,FICHA_NO_EXISTE,214646,2
499176,FICHA_NO_EXISTE,176958,2
501330,FICHA_NO_EXISTE,214852,2
501444,FICHA_NO_EXISTE,211838,2
501453,FICHA_NO_EXISTE,100076,5
501866,FICHA_NO_EXISTE,117931,1
503101,FICHA_NO_EXISTE,211838,2
503676,FICHA_NO_EXISTE,117931,1
503910,FICHA_NO_EXISTE,53108,2
503953,FICHA_NO_EXISTE,100097,5
504181,FICHA_NO_EXISTE,117931,1
504926,FICHA_NO_EXISTE,53108,2
505695,FICHA_NO_EXISTE,117931,1
506374,FICHA_NO_EXISTE,207882,2
507208,FICHA_NO_EXISTE,115786,1
507507,FICHA_NO_EXISTE,117931,1
507630,FICHA_NO_EXISTE,211838,2
508668,FICHA_NO_EXISTE,127867,1
509240,FICHA_NO_EXISTE,215279,2
510951,FICHA_NO_EXISTE,128186,1
510979,FICHA_NO_EXISTE,127867,1
511325,FICHA_NO_EXISTE,128221,1
513476,FICHA_NO_EXISTE,214735,2
514095,FICHA_NO_EXISTE,122674,1
514559,FICHA_NO_EXISTE,213236,2
515589,FICHA_NO_EXISTE,102593,2
516759,FICHA_NO_EXISTE,122674,1
518520,FICHA_NO_EXISTE,128483,1
518847,FICHA_NO_EXISTE,211838,2
518907,FICHA_NO_EXISTE,114198,1
519607,FICHA_NO_EXISTE,100076,5
522469,FICHA_NO_EXISTE,128497,1
523377,FICHA_NO_EXISTE,125108,2
524644,FICHA_NO_EXISTE,130941,3
525252,FICHA_NO_EXISTE,123248,1
525957,FICHA_NO_EXISTE,216334,2
526008,FICHA_NO_EXISTE,126372,1
526687,FICHA_NO_EXISTE,109795,3
527344,FICHA_NO_EXISTE,58799,2
528118,FICHA_NO_EXISTE,128843,1
528338,FICHA_NO_EXISTE,215279,2
528348,FICHA_NO_EXISTE,128886,1
528500,FICHA_NO_EXISTE,216356,2
528501,FICHA_NO_EXISTE,216439,2
528721,FICHA_NO_EXISTE,128896,1
529936,FICHA_NO_EXISTE,130941,3
530328,FICHA_NO_EXISTE,115796,1
531995,FICHA_NO_EXISTE,115796,1
532119,FICHA_NO_EXISTE,216622,2
532773,FICHA_NO_EXISTE,117931,1
532919,FICHA_NO_EXISTE,733,3
533161,FICHA_NO_EXISTE,102164,2
533990,FICHA_NO_EXISTE,100327,5
534120,FICHA_NO_EXISTE,129097,1
534785,FICHA_NO_EXISTE,110564,3
534823,FICHA_NO_EXISTE,128221,1
534965,FICHA_NO_EXISTE,139782,3
534991,FICHA_NO_EXISTE,62176,5
535887,FICHA_NO_EXISTE,113860,1
536854,FICHA_NO_EXISTE,139869,3
537714,FICHA_NO_EXISTE,117931,1
537847,FICHA_NO_EXISTE,102164,2
537959,FICHA_NO_EXISTE,733,3
539060,FICHA_NO_EXISTE,123248,1
539207,FICHA_NO_EXISTE,129285,1
539277,FICHA_NO_EXISTE,128483,1
539920,FICHA_NO_EXISTE,126372,1
540334,FICHA_NO_EXISTE,129322,1
541919,FICHA_NO_EXISTE,117931,1
542173,FICHA_NO_EXISTE,79322,3
542478,FICHA_NO_EXISTE,216439,2
544119,FICHA_NO_EXISTE,102769,1
544765,FICHA_NO_EXISTE,92224,3
545535,FICHA_NO_EXISTE,129285,1
546182,FICHA_NO_EXISTE,123248,1
547113,FICHA_NO_EXISTE,129753,1
547555,FICHA_NO_EXISTE,129753,1
547721,FICHA_NO_EXISTE,217526,2
547997,FICHA_NO_EXISTE,102769,1
550032,FICHA_NO_EXISTE,140023,3
551910,FICHA_NO_EXISTE,134834,3
552142,FICHA_NO_EXISTE,129753,1
552733,FICHA_NO_EXISTE,92224,3
553581,FICHA_NO_EXISTE,134834,3
553795,FICHA_NO_EXISTE,130177,1
554304,FICHA_NO_EXISTE,102769,1
555033,FICHA_NO_EXISTE,117931,1
555089,FICHA_NO_EXISTE,100556,5
556653,FICHA_NO_EXISTE,114198,1
556679,FICHA_NO_EXISTE,102769,1
557025,FICHA_NO_EXISTE,140023,3
557283,FICHA_NO_EXISTE,218021,2
557794,FICHA_NO_EXISTE,130267,1
558262,FICHA_NO_EXISTE,130344,1
560033,FICHA_NO_EXISTE,102769,1
561162,FICHA_NO_EXISTE,117931,1
561260,FICHA_NO_EXISTE,109795,3
561624,FICHA_NO_EXISTE,100620,5
562348,FICHA_NO_EXISTE,130344,1
563644,FICHA_NO_EXISTE,113860,1
563745,FICHA_NO_EXISTE,130674,1
563854,FICHA_NO_EXISTE,117931,1
563898,FICHA_NO_EXISTE,202920,1
563938,FICHA_NO_EXISTE,119374,1
564022,FICHA_NO_EXISTE,202928,1
564024,FICHA_NO_EXISTE,202923,1
564587,FICHA_NO_EXISTE,130344,1
564871,FICHA_NO_EXISTE,128896,1
565226,FICHA_NO_EXISTE,100387,1
566960,FICHA_NO_EXISTE,130344,1
572255,FICHA_NO_EXISTE,134834,3
572985,FICHA_NO_EXISTE,109795,3
573176,FICHA_NO_EXISTE,120064,1
573326,FICHA_NO_EXISTE,122674,1
573999,FICHA_NO_EXISTE,122388,1
574199,FICHA_NO_EXISTE,58799,2
574414,FICHA_NO_EXISTE,134834,3
576666,FICHA_NO_EXISTE,136713,1
576712,FICHA_NO_EXISTE,136715,1
578343,FICHA_NO_EXISTE,100758,5
579294,FICHA_NO_EXISTE,23934,5
579526,FICHA_NO_EXISTE,163784,2
579860,FICHA_NO_EXISTE,117931,1
580147,FICHA_NO_EXISTE,136888,1
581606,FICHA_NO_EXISTE,130177,1
582746,FICHA_NO_EXISTE,129322,1
583473,FICHA_NO_EXISTE,130674,1
583822,FICHA_NO_EXISTE,130177,1
584864,FICHA_NO_EXISTE,58799,2
585572,FICHA_NO_EXISTE,117931,1
585997,FICHA_NO_EXISTE,140840,3
587221,FICHA_NO_EXISTE,176958,2
587337,FICHA_NO_EXISTE,218021,2
587648,FICHA_NO_EXISTE,128221,1
589561,FICHA_NO_EXISTE,116351,1
590028,FICHA_NO_EXISTE,137743,1
592626,FICHA_NO_EXISTE,140840,3
592795,FICHA_NO_EXISTE,216439,2
594372,FICHA_NO_EXISTE,130267,1
595260,FICHA_NO_EXISTE,130344,1
595274,FICHA_NO_EXISTE,130177,1
597861,FICHA_NO_EXISTE,136888,1
598811,FICHA_NO_EXISTE,117931,1
599176,FICHA_NO_EXISTE,136888,1
599647,FICHA_NO_EXISTE,117931,1
601014,FICHA_NO_EXISTE,111264,1
601203,FICHA_NO_EXISTE,114198,1
602585,FICHA_NO_EXISTE,130177,1
603099,FICHA_NO_EXISTE,128896,1
603140,FICHA_NO_EXISTE,126795,2
603328,FICHA_NO_EXISTE,176958,2
603854,FICHA_NO_EXISTE,136888,1
604089,FICHA_NO_EXISTE,117931,1
605409,FICHA_NO_EXISTE,117931,1
605704,FICHA_NO_EXISTE,138636,1
605816,FICHA_NO_EXISTE,117931,1
606050,FICHA_NO_EXISTE,136888,1
606326,FICHA_NO_EXISTE,138666,1
607294,FICHA_NO_EXISTE,117931,1
608645,FICHA_NO_EXISTE,221060,2
608675,FICHA_NO_EXISTE,121778,1
608838,FICHA_NO_EXISTE,117931,1
608841,FICHA_NO_EXISTE,136888,1
609022,FICHA_NO_EXISTE,176958,2
609710,FICHA_NO_EXISTE,117931,1
610187,FICHA_NO_EXISTE,130177,1
611522,FICHA_NO_EXISTE,117931,1
612351,FICHA_NO_EXISTE,128896,1
612949,FICHA_NO_EXISTE,128896,1
613105,FICHA_NO_EXISTE,134940,3
613498,FICHA_NO_EXISTE,29891,3
615258,FICHA_NO_EXISTE,117931,1
615855,FICHA_NO_EXISTE,139930,3
619966,FICHA_NO_EXISTE,118587,2
623817,FICHA_NO_EXISTE,102769,1
624806,FICHA_NO_EXISTE,57674,3
624821,FICHA_NO_EXISTE,137743,1
625178,FICHA_NO_EXISTE,128221,1
627051,FICHA_NO_EXISTE,117931,1
627103,FICHA_NO_EXISTE,108426,3
627297,FICHA_NO_EXISTE,176958,2
627960,FICHA_NO_EXISTE,128221,1
629543,FICHA_NO_EXISTE,214646,2
630192,FICHA_NO_EXISTE,117931,1
630242,FICHA_NO_EXISTE,118587,2
630850,FICHA_NO_EXISTE,101174,5
632492,FICHA_NO_EXISTE,101194,5
633383,FICHA_NO_EXISTE,116316,3
634454,FICHA_NO_EXISTE,5465,1
634661,FICHA_NO_EXISTE,102318,2
634935,FICHA_NO_EXISTE,93572,5
636170,FICHA_NO_EXISTE,73845,3
637094,FICHA_NO_EXISTE,141735,3
637522,FICHA_NO_EXISTE,122388,1
639128,FICHA_NO_EXISTE,139782,3
640229,FICHA_NO_EXISTE,73845,3
642779,FICHA_NO_EXISTE,139782,3
644585,FICHA_NO_EXISTE,122674,1
645273,FICHA_NO_EXISTE,8549,3
645528,FICHA_NO_EXISTE,101194,5
647242,FICHA_NO_EXISTE,176958,2
647373,FICHA_NO_EXISTE,101299,5
649434,FICHA_NO_EXISTE,139782,3
650223,FICHA_NO_EXISTE,128896,1
651505,FICHA_NO_EXISTE,223529,2
651798,FICHA_NO_EXISTE,118587,2
654878,FICHA_NO_EXISTE,101352,5
656351,FICHA_NO_EXISTE,95349,3
657133,FICHA_NO_EXISTE,114198,1
657149,FICHA_NO_EXISTE,128896,1
659859,FICHA_NO_EXISTE,136888,1
660191,FICHA_NO_EXISTE,111034,3
660713,FICHA_NO_EXISTE,127875,3
660721,FICHA_NO_EXISTE,176958,2
665181,FICHA_NO_EXISTE,73845,3
666355,FICHA_NO_EXISTE,122674,1
666634,FICHA_NO_EXISTE,128896,1
668427,FICHA_NO_EXISTE,101420,5
673889,FICHA_NO_EXISTE,176958,2
674843,FICHA_NO_EXISTE,224768,2
675184,FICHA_NO_EXISTE,73845,3
675980,FICHA_NO_EXISTE,110171,2
681205,FICHA_NO_EXISTE,99201,5
684174,FICHA_NO_EXISTE,142407,1
685263,FICHA_NO_EXISTE,142599,1
686971,FICHA_NO_EXISTE,225715,2
687690,FICHA_NO_EXISTE,134834,3
687722,FICHA_NO_EXISTE,101555,5
688013,FICHA_NO_EXISTE,73845,3
690385,FICHA_NO_EXISTE,141735,3
691861,FICHA_NO_EXISTE,225642,2
692941,FICHA_NO_EXISTE,142976,1
695050,FICHA_NO_EXISTE,225642,2
695872,FICHA_NO_EXISTE,134834,3
699371,FICHA_NO_EXISTE,110171,2
700100,FICHA_NO_EXISTE,8990,3
700515,FICHA_NO_EXISTE,225642,2
702152,FICHA_NO_EXISTE,225715,2
702514,FICHA_NO_EXISTE,143799,1
702694,FICHA_NO_EXISTE,110171,2
709822,FICHA_NO_EXISTE,8990,3
710164,FICHA_NO_EXISTE,226655,2
712662,FICHA_NO_EXISTE,226799,2
714752,FICHA_NO_EXISTE,226799,2
719552,FICHA_NO_EXISTE,144457,1
723753,FICHA_NO_EXISTE,176958,2
725630,FICHA_NO_EXISTE,20240,3
726170,FICHA_NO_EXISTE,144550,1
727936,FICHA_NO_EXISTE,144550,1
728805,FICHA_NO_EXISTE,128896,1
728818,FICHA_NO_EXISTE,145381,3
729444,FICHA_NO_EXISTE,144880,1
729559,FICHA_NO_EXISTE,107090,1
730064,FICHA_NO_EXISTE,144685,1
733754,FICHA_NO_EXISTE,128896,1
736080,FICHA_NO_EXISTE,130416,1
736521,FICHA_NO_EXISTE,603,3
738510,FICHA_NO_EXISTE,228752,2
739172,FICHA_NO_EXISTE,144685,1
739290,FICHA_NO_EXISTE,145092,1
739291,FICHA_NO_EXISTE,145090,1
739292,FICHA_NO_EXISTE,145091,1
741417,FICHA_NO_EXISTE,107090,1
743073,FICHA_NO_EXISTE,144880,1
746420,FICHA_NO_EXISTE,8990,3
748258,FICHA_NO_EXISTE,8990,3
754901,FICHA_NO_EXISTE,8990,3
755249,FICHA_NO_EXISTE,145811,1
755636,FICHA_NO_EXISTE,228782,2
761804,FICHA_NO_EXISTE,228752,2
768395,FICHA_NO_EXISTE,146758,1
769802,FICHA_NO_EXISTE,146758,1
775834,FICHA_NO_EXISTE,107090,1
776146,FICHA_NO_EXISTE,107090,1
776607,FICHA_NO_EXISTE,107090,1
777771,FICHA_NO_EXISTE,142599,1
782759,FICHA_NO_EXISTE,107090,1
783721,FICHA_NO_EXISTE,147880,1
783815,FICHA_NO_EXISTE,147880,1
784428,FICHA_NO_EXISTE,102130,5
788268,FICHA_NO_EXISTE,230302,2
788753,FICHA_NO_EXISTE,121340,3
792256,FICHA_NO_EXISTE,105517,3
792710,FICHA_NO_EXISTE,118587,2
793458,FICHA_NO_EXISTE,116316,3
